data_ogloszenia;nr_bzp;wojewodztwo;zamawiajacy;miejscowosc;przedmiot;rodzaj_zamowienia;cpv_glowny;wspolfinansowanie_ue;wynik;liczba_ofert;cena_najnizsza_pln;cena_najwyzsza_pln;cena_wybrana_pln;wykonawca_lub_wykonawcy;data_umowy
2021-08-23;2021/BZP 00156583/01;dolnośląskie;Przedsiębiorstwo Gospodarki Miejskiej Sp.z o.o.;Polkowice;„Wykonanie koncepcji wraz z montażem i uruchomieniem systemu nadzoru i zdalnego sterowania sieci wodno-kanalizacyjnej ”;Usługi;51300000-5 - Usługi instalowania urządzeń komunikacyjnych;Nie;umowa;2;824100;996300;824100;Technika Pomiarowa i Automatyka Cieplna Bolesław Dziadosz (NIP 6921004473 , Polkowice );2021-08-13
2021-09-09;2021/BZP 00175607/01;zachodniopomorskie;Zakład Usług Komunalnych;Gryfice;Dostawa urządzeń i montaż oprogramowania do sterowania i monitoringu pracy oczyszczalni ścieków w Gryficach;Usługi;72268000-1 - Usługi dostawy oprogramowania;Nie;uniewaznione;2;399000,00;460141,46;;;
2021-12-09;2021/BZP 00308521/01;pomorskie;URZĄD GMINY KOSAKOWO;Kosakowo;Przebudowa i remont stacji uzdatniania wody wraz z budową zbiornika retencyjnego w msc. Dębogórze oraz centralny system monitoringu SUW dla gminy Kosakowo;Roboty budowlane;45240000-1 - Budowa obiektów inżynierii wodnej;Nie;umowa;2;1469850;1924950;1469850;Centrum Badawczo – Wdrożeniowe UNITEX sp z o.o (NIP 5840152269 , Gdańsk );2021-11-04
2021-12-13;2021/BZP 00311081/01;świętokrzyskie;Gmina Daleszyce;Daleszyce;Wykonanie monitoringu ujęcia i sieci Marzysz;Usługi;38421000-2 - Urządzenia do pomiaru przepływu;Nie;umowa;1;199500,00;199500,00;199500,00;Zakład Usług Komunalnych w Daleszycach Sp. z o.o. (NIP 6572883110 , Daleszyce );2021-12-07
2022-02-21;2022/BZP 00062988/01;mazowieckie;Miasto Podkowa Leśna;Podkowa Leśna;Modernizacja 4 szt. przepompowni ścieków na terenie Podkowy Leśnej poprzez wymianę szaf sterowniczych oraz montaż systemu monitorującego pracę przepompowni – telemetria;Usługi;51900000-1 - Usługi instalowania systemów sterowania i kontroli;Tak;uniewaznione;;;;;;
2022-05-04;2022/BZP 00143917/01;kujawsko-pomorskie;Gmina Płużnica;Płużnica;Rozbudowa stacji uzdatniania wody i wykonanie systemu zarządzania siecią wodociągową na terenie gminy Płużnica.;Roboty budowlane;45232430-5 - Roboty w zakresie uzdatniania wody;Nie;uniewaznione;1;;;;;
2022-09-16;2022/BZP 00350830/01;kujawsko-pomorskie;Gmina Płużnica;Płużnica;Rozbudowa stacji uzdatniania wody i wykonanie systemu zarządzania siecią wodociągową na terenie gminy Płużnica – II postępowanie.;Roboty budowlane;45232430-5 - Roboty w zakresie uzdatniania wody;Nie;umowa;1;228631,17;228631,17;228631,17;"Zlote Runo Sp. z o.o. (NIP 7010220422 , Warszawa ); Metrolog Sp. z o.o. (NIP 7631861838 , Czarnków ); Metrolog Sp. z o.o. (NIP 7631861838 , Czarnków )";2022-09-14
2022-11-21;2022/BZP 00448696/01;małopolskie;Miejski Zakład Wodociągów i Kanalizacji w Nowym Targu Sp. z o.o.;Nowy Targ;"Wykonanie wizualizacji i systemu zdalnego sterowania ujęciem wód podziemnych ""Podhale"" na terenie byłego NZPS";Dostawy;71631440-6 - Usługi monitorowania przepływu;Nie;uniewaznione;;;;;;
2023-01-23;2023/BZP 00050009/01;małopolskie;Miejski Zakład Wodociągów i Kanalizacji w Nowym Targu Sp. z o.o.;Nowy Targ;Wykonanie wizualizacji i systemu zdalnego sterowania ujęciem wód podziemnych „Podhale” na terenie byłego NZPS w Nowym Targu – II postępowanie;Dostawy;71631440-6 - Usługi monitorowania przepływu;Nie;umowa;1;242014,80;242014,80;242014,80;MEDAS Sp. z o.o. (NIP 6340135162 , Mikołów );2023-01-11
2023-04-05;2023/BZP 00165797/01;mazowieckie;GMINA CHOTCZA;Chotcza-Józefów;Ograniczenie strat wody poprzez wdrożenie systemu monitoringu sieci wodociągowej i radiowego odczytu wodomierzy;Dostawy;38410000-2 - Przyrządy pomiarowe;Nie;umowa;1;377044,20;377044,20;377044,20;METERING Anna Moder (NIP 831-115-55-42 , Buczek );2023-03-29
2023-04-26;2023/BZP 00194074/01;wielkopolskie;GMINNY ZAKŁAD GOSPODARKI KOMUNALNEJ I MIESZKANIOWEJ W WĄGROWCU;Wągrowiec;Modernizacja stacji uzdatniania wody w miejscowości Kobylec wraz z monitoringiem produkcji i zużycia wody;Roboty budowlane;45000000-7 - Roboty budowlane;Nie;umowa;1;3687540,00;3687540,00;3687540,00;METROLOG SP. Z O.O. (NIP 7631861838 , Czarnków );2023-04-26
2023-04-26;2023/BZP 00194165/01;wielkopolskie;GMINNY ZAKŁAD GOSPODARKI KOMUNALNEJ I MIESZKANIOWEJ W WĄGROWCU;Wągrowiec;Modernizacja stacji uzdatniania wody w miejscowości Potulice wraz z monitoringiem produkcji i zużycia wody.;Roboty budowlane;45000000-7 - Roboty budowlane;Nie;umowa;1;3608820,00;3608820,00;3608820,00;METROLOG Sp. z o.o. (NIP 7631861838 , Czarnków );2023-04-26
2023-05-08;2023/BZP 00205793/01;świętokrzyskie;GMINA ĆMIELÓW;Ćmielów;Dostawa urządzeń pomiarowych wraz z urządzeniami i oprogramowaniem do zarządzania odczytami i wizualizacją danych w ramach modernizacji sieci wodno-kanalizacyjnej „e-Woda” w Gminie Ćmielów;Dostawy;38410000-2 - Przyrządy pomiarowe;Nie;umowa;1;221338,50;221338,50;221338,50;S WATER SPÓŁKA Z OGRANICZONĄ ODPOWIEDZIALNOŚCIĄ (NIP REGON 381998902 , Tychy );2023-05-05
2023-05-26;2023/BZP 00234116/01;małopolskie;Politechnika Krakowska im. Tadeusza Kościuszki;Kraków;Dostawa i montaż modułów telemetrycznych do przesyłu danych z urządzeń do pomiarów parametrów jakości wody w sieci wodociągowej (on-line) i w Zakładach Uzdatniania Wody (on-line) - 9 modułów;Dostawy;38000000-5 - Sprzęt laboratoryjny, optyczny i precyzyjny (z wyjątkiem szklanego);Tak;umowa;1;172200,00;172200,00;172200,00;Mikroserw Dominik Mikołajczyk (NIP 737-195-09-75 , Szczawa );2023-05-25
2023-06-20;2023/BZP 00267632/01;lubelskie;Gmina Janowiec;Janowiec;Modernizacja sieci wod-kan poprzez przebudowę hydroforni, rozbudowę sieci wodociągowej, dostawę i montaż urządzeń do nadzoru nad produkcją i jakością sieci oraz dostawę sprzętu do usuwania awarii.;Roboty budowlane;45231300-8 - Roboty budowlane w zakresie budowy wodociągów i rurociągów do odprowadzania ścieków;Nie;umowa;2;5557900,00;5557900,00;5557900,00;SW-TEAM Wojciech Słomka (NIP 825-19-91-475 , Wola Kisielska );2023-05-05
2023-09-18;2023/BZP 00401703/01;kujawsko-pomorskie;Gmina Płużnica;Płużnica;„Rozbudowa stacji uzdatniania wody i wykonanie systemu zarządzania siecią wodociągową na terenie gminy Płużnica - Wymiana zestawu pompowego II stopnia wraz z pompą płuczną.”;Dostawy;42122130-0 - Pompy wodne;Nie;umowa;2;316082,94;669996,81;316082,94;Metrolog Sp. z o.o. (NIP 7631861838 , Czarnków );2023-08-18
2023-12-07;2023/BZP 00538070/01;wielkopolskie;GMINA NIECHANOWO;Niechanowo;Wprowadzenie systemu zdalnego odczytu i monitoringu zużycia wody na terenie Gminy Niechanowo – dostawa, wymiana wodomierzy oraz dostawa samochodu – CZĘŚĆ II i CZĘŚĆ III (II postępowanie);Dostawy;38421100-3 - Wodomierze;Nie;umowa;3;203179,65;1086605,50;203179,65;"PRZEDSIĘBIORSTWO HANDLOWO USŁUGOWE „WODEX”, Leszek Domagalski (NIP 7841345304 , Gniezno ); AUTOSANOK SP. Z O.O. (NIP 7842515872 , JANKOWO DOLNE 48a )";2023-11-17
2023-12-27;2023/BZP 00572909/01;świętokrzyskie;Gmina Mniów;Mniów;„Wdrożenie systemu monitoringu sieci wodociągowych na terenie Gminy Mniów”;Usługi;71631440-6 - Usługi monitorowania przepływu;Tak;umowa;1;338127,00;338127,00;338127,00;METERING Anna Moder (NIP 8311155542 , Buczek );2023-12-07
2024-03-20;2024/BZP 00252456/01;zachodniopomorskie;Gmina Bierzwnik;Bierzwnik;Wyposażenie stacji uzdatniania wody na terenie Gminy Bierzwnik poprzez zakup szaf sterowniczych z montażem i podłączeniem do systemu monitoringu i wizualizacji GPRS;Dostawy;31682210-5 - Aparatura i sprzęt sterujący;Tak;umowa;2;514891,26;600855,00;514891,26;Elektrotechnika i Automatyka Przemyslowa Mateusz Gorkowski (NIP 363600635 , Margonin );2024-03-20
2024-04-05;2024/BZP 00272452/01;lubuskie;GMINA MASZEWO;Maszewo;Budowa - systemu monitorowania sieci wodociągowej obejmującego wdrożenie systemu do zdalnego odczytu wodomierzy z wykorzystaniem technologii GSM do ...;Dostawy;38421000-2 - Urządzenia do pomiaru przepływu;Nie;umowa;1;759866,20;759866,20;759866,20;Orange Polska Spółka Akcyjna (NIP 0000010681 , Warszawa );2024-03-13
2024-06-05;2024/BZP 00351894/01;małopolskie;Gmina Tomice;Tomice;System monitoringu sieci wodociągowej ze zdalnym odczytem urządzeń pomiarowych w miejscowościach Woźniki, Witanowice i Radocza – dostawa urządzeń pomiarowo – odczytowych wraz z oprogramowaniem;Dostawy;38421110-6 - Przepływomierze;Nie;umowa;1;295241,95;295241,95;295241,95;SENSUS Polska Sp. z o. o (NIP 952-199-35-28 , Toruń );2024-05-20
2024-06-25;2024/BZP 00382329/01;małopolskie;Gmina Tomice;Tomice;System monitoringu sieci wodociągowej ze zdalnym odczytem urządzeń pomiarowych w miejscowościach Woźniki, Witanowice, i Radocza – przebudowa sieci wodociągowej;Roboty budowlane;45232150-8 - Roboty w zakresie rurociągów do przesyłu wody;Nie;uniewaznione;3;118703,61;295200,00;;;
2024-07-09;2024/BZP 00404081/01;mazowieckie;GMINA MIRÓW;Mirów Stary;Dostawa i montaż punktów pomiarowych oraz wdrożenie systemów zarządzania siecią wodociągowo- kanalizacyjną (SCADA) na terenie Gminy Mirów;Usługi;72263000-6 - Usługi wdrażania oprogramowania;Tak;umowa;3;608493,30;1313640;608493,30;Biuro Inżynierskie Wodnik Kamil Świętochowski (NIP 9661988674 , Białystok );2024-06-10
2024-07-24;2024/BZP 00428976/01;wielkopolskie;Gmina Wągrowiec;Wągrowiec;Przebudowa stacji uzdatniania wody w miejscowości Łekno wraz z monitoringiem produkcji i zużycia wody;Roboty budowlane;45252126-7 - Roboty budowlane w zakresie zakładów uzdatniania wody pitnej;Tak;umowa;3;4397250,00;4548540,00;4548540,00;METROLOG Sp. z o.o. (NIP 7631861838 , Czarnków );2024-07-05
2024-11-07;2024/BZP 00584946/01;małopolskie;Gmina Jordanów;Jordanów;Dostawa i wdrożenie zdalnego odczytu wodomierzy;Dostawy;38421100-3 - Wodomierze;Nie;uniewaznione;1;335932,06;335932,06;;;
2024-11-08;2024/BZP 00585795/01;łódzkie;GRUPOWA OCZYSZCZALNIA ŚCIEKÓW SPÓŁKA Z OGRANICZONĄ ODPOWIEDZIALNOŚCIĄ;Kutno;SERWIS SYSTEMU SCADA I STEROWNIKÓW PLC ORAZ DOSTAWA I URUCHOMIENIE NOWYCH URZĄDZEŃ STERUJĄCYCH W GRUPOWEJ OCZYSZCZALNI ŚCIEKÓW SP. Z O.O. W KUTNIE;Usługi;51900000-1 - Usługi instalowania systemów sterowania i kontroli;Nie;umowa;1;1168008;1168008;1168008;VIX AUTOMATION SP. Z O.O. (NIP REGON 240214146 , Katowice );2024-10-14
2025-02-05;2025/BZP 00090705/01;dolnośląskie;Przedsiębiorstwo Gospodarki Miejskiej Sp.z o.o.;Polkowice;„ Budowa systemu automatyki i sterowania Stacji Uzdatniania Wody i ujęciami wody w Suchej Górnej – w formule zaprojektuj i wybuduj.”;Roboty budowlane;45000000-7 - Roboty budowlane;Tak;uniewaznione;3;3418047,00;4638330,00;;;
2025-02-27;2025/BZP 00123758/01;podkarpackie;Gmina Jasienica Rosielna;Jasienica Rosielna;„Budowa sieci wodociągowej w miejscowości Orzechówka, opomiarowanie wodociągu w Bliznem i Jasienicy Rosielnej oraz doposażenie Stacji Uzdatniania Wody w Jasienicy Rosielnej oraz Blizne 1 i Blizne 2”;Roboty budowlane;45000000-7 - Roboty budowlane;Tak;umowa;15;13803956,29;38896082,33;13803956,29;Zakład instalacyjno-Budowlany Edward Kwiek (NIP 8191004590 , Czudec );2025-02-27
2025-03-17;2025/BZP 00148146/01;małopolskie;Gmina Jordanów;Jordanów;Dostawa i wdrożenie zdalnego odczytu wodomierzy;Dostawy;38421100-3 - Wodomierze;Nie;umowa;2;323954,94;323954,94;323954,94;Orange Polska S.A. (NIP 5260250995 , Warszawa );2025-03-13
2025-05-16;2025/BZP 00235031/01;małopolskie;Miasto i Gmina Piwniczna-Zdrój;Piwniczna-Zdrój;Modernizacja odcinka sieci wodociągowej w miejscowości Łomnica-Zdrój wraz z rozbudową systemu sterowania i monitorowania infrastruktury wodociągowej oraz realizacją zadań komplementarnych.;Roboty budowlane;45000000-7 - Roboty budowlane;Tak;umowa;5;1888050,00;2909332,97;1888050,00;Czesław Wróbel, prowadzący działalność gospodarczą pod firmą: MEN-GAZ Przedsiębiorstwo Budownictwa Ogólnego oraz Sieci i Instalacji Budowlanych Czesław Wróbel (NIP 737-100-17-24 , Męcina );2025-05-06
2025-05-21;2025/BZP 00240013/01;wielkopolskie;Gmina Kłecko;Kłecko;Dostawa szaf sterowniczych z podłączeniem na SUW Kłecko wraz z wpięciem do systemu wizualizacji SCADA i monitoringu GPRS;Dostawy;31682210-5 - Aparatura i sprzęt sterujący;Nie;uniewaznione;;;;;;
2025-05-21;2025/BZP 00240360/01;dolnośląskie;Przedsiębiorstwo Gospodarki Miejskiej Sp.z o.o.;Polkowice;„ Budowa systemu automatyki i sterowania Stacji Uzdatniania Wody i ujęciami wody w Suchej Górnej – w formule zaprojektuj i wybuduj.”;Roboty budowlane;45000000-7 - Roboty budowlane;Tak;umowa;4;2201700,00;3418047,00;2201700,00;Biuro Inżynierskie Automatyki Przemysłowej Sp. z o.o. (NIP 8940006528 , Wrocław );2025-05-06
2025-06-17;2025/BZP 00281750/01;podkarpackie;Gmina Jeżowe;Jeżowe;Rozbudowa sieci wodociągowej na terenie gminy Jeżowe, w miejscowościach: Jeżowe, Groble, Jata i Sójkowa wraz z systemem monitorowania;Roboty budowlane;45231300-8 - Roboty budowlane w zakresie budowy wodociągów i rurociągów do odprowadzania ścieków;Tak;umowa;9;3075000;7287750;3075000;Przedsiębiorstwo Robót Inżynieryjno- Monterskich Budownictwa „PRIMBUD” Sp. z o.o. (NIP 8651000778 , Nisko );2025-06-12
2025-06-27;2025/BZP 00297202/01;lubelskie;GMINA KRAŚNICZYN;Kraśniczyn;Modernizacja oraz wdrożenie systemu monitoringu pompowni strefowych na sieci kanalizacyjnej w gminie Kraśniczyn;Roboty budowlane;45200000-9 - Roboty budowlane w zakresie wznoszenia kompletnych obiektów budowlanych lub ich części oraz roboty w zakresie inżynierii lądowej i wodnej;Tak;umowa;2;731813,10;736000,00;731813,00;LPRINŻ INVEST SP.ZO.O (NIP 9462728887 , LUBLIN );2025-06-09
2025-07-07;2025/BZP 00311590/01;wielkopolskie;GMINA WIERZBINEK;Wierzbinek;Dostawa i montaż systemu zdalnego monitoringu i obsługi pracy na stacji uzdatniania wody w Racięcinie – dostawa;Dostawy;31682210-5 - Aparatura i sprzęt sterujący;Tak;umowa;6;555000,00;311400,00;311400,00;Inżynieria Środowiska ELGAJ Leszek Kondratowicz (NIP 250079551 , Zbiersk );2025-06-23
2025-07-09;2025/BZP 00317243/01;podkarpackie;Gmina Zaklików;Zaklików;Wdrożenie systemu sterowania monitoringu i wizualizacji parametrów pracy pompowni ścieków w aglomeracji Zaklików oraz ujęcia wody pitnej Karkówka w Gminie Zaklików;Roboty budowlane;45311200-2 - Roboty w zakresie instalacji elektrycznych;Tak;uniewaznione;5;152481,87;244647,00;;;
2025-07-10;2025/BZP 00319279/01;lubelskie;Gmina Łopiennik Górny;Łopiennik Górny;Dostawa i montaż wodomierzy z systemem zdalnego odczytu oraz urządzeń monitorowania stanu sieci wodociągowej;Dostawy;38421100-3 - Wodomierze;Tak;uniewaznione;;;;;;
2025-07-28;2025/BZP 00347550/01;lubelskie;Gmina Łopiennik Górny;Łopiennik Górny;Dostawa i montaż wodomierzy z systemem zdalnego odczytu oraz urządzeń monitorowania stanu sieci wodociągowej - 2 postępowanie;Dostawy;38421100-3 - Wodomierze;Tak;uniewaznione;;;;;;
2025-07-29;2025/BZP 00349832/01;lubelskie;Gmina Tomaszów Lubelski;Tomaszów Lubelski;Modernizacja ujęcia wody w Podhorcach wraz ze stworzeniem systemu monitoringu i ograniczenia strat wody;Roboty budowlane;45000000-7 - Roboty budowlane;Tak;uniewaznione;;;;;;
2025-08-13;2025/BZP 00374333/01;dolnośląskie;Burmistrz Siechnic;Siechnice;Zakup systemu monitoringu dla przepompowni wód deszczowych wraz ze szkoleniem pracowników Urzędu Miejskiego w Siechnicach;Dostawy;34971000-4 - Urządzenia bezpośredniego monitorowania;Nie;umowa;2;55680;117711;55680;"HYDRO - PARTNER"" SPÓŁKA Z OGRANICZONĄ (NIP 6972067331 , Leszno )";2025-08-11
2025-08-28;2025/BZP 00394934/01;podkarpackie;Gmina Zaklików;Zaklików;Wdrożenie systemu sterowania monitoringu i wizualizacji parametrów pracy pompowni ścieków w aglomeracji Zaklików oraz ujęcia wody pitnej Karkówka w Gminie Zaklików;Roboty budowlane;45311200-2 - Roboty w zakresie instalacji elektrycznych;Tak;umowa;3;143400,00;159558,83;143400,00;Sieci i instalacje elektryczne, projektowanie i wykonawstwo Jan Chmiel (NIP 8621137923 , Janów Lubelski );2025-08-26
2025-08-29;2025/BZP 00397497/01;wielkopolskie;Gmina Kłecko;Kłecko;Dostawa szaf sterowniczych z podłączeniem na SUW Kłecko wraz z wpięciem do systemu wizualizacji SCADA i monitoringu GPRS – II;Dostawy;31682210-5 - Aparatura i sprzęt sterujący;Nie;umowa;4;227402,40;228000;227402,40;"""HYDRO - PARTNER"" SPÓŁKA Z OGRANICZONĄ ODPOWIEDZIALNOŚCIĄ (NIP REGON 411429699 , Leszno )";2025-08-28
2025-09-02;2025/BZP 00403099/01;śląskie;PRZEDSIĘBIORSTWO KOMUNALNE OGRODZIENIEC SPÓŁKA Z OGRANICZONĄ ODPOWIEDZIALNOŚCIĄ;Ogrodzieniec;Rozwój Infrastruktury Wodociągowej w Gminie Ogrodzieniec (system monitoringu sieci wodociągowej);Dostawy;38421110-6 - Przepływomierze;Tak;umowa;2;576532,98;1077787,50;576532,98;Aquadrill Przewierty Sterowane Sp. z o.o (NIP NIP 6492318632 , Giebło );2025-08-01
2025-09-04;2025/BZP 00407022/01;śląskie;"Oczyszczalnia Ścieków ""WARTA"" S.A.";Częstochowa;Wykonanie systemu sterowania i wizualizacji w Oczyszczalni Ścieków Dźbów w Częstochowie;Dostawy;48151000-1 - Komputerowy system sterujący;Nie;umowa;2;628479,57;766053,84;628479,57;ZAKŁAD ELEMENTÓW I SYSTEMÓW AUTOMATYKI PRZEMYSŁOWEJ MIKROB S.A. (NIP 6220006195 , Ostrzeszów );2025-08-29
2025-09-10;2025/BZP 00416331/01;lubelskie;Gmina Łopiennik Górny;Łopiennik Górny;Dostawa i montaż wodomierzy z systemem zdalnego odczytu oraz urządzeń monitorowania stanu sieci wodociągowej;Dostawy;38421100-3 - Wodomierze;Tak;umowa;2;763962,84;803128,50;763962,84;METERING Anna Moder Sp. z o.o. (NIP 8311646702 , Buczek );2025-08-27
2025-09-17;2025/BZP 00428371/01;podkarpackie;Gmina Zaklików;Zaklików;Wdrożenie systemu sterowania monitoringu i wizualizacji parametrów pracy pompowni ścieków w aglomeracji Zaklików oraz ujęcia wody pitnej Karkówka w Gminie Zaklików;Dostawy;45232423-3 - Roboty budowlane w zakresie przepompowni ścieków;Tak;umowa;1;109839,00;109839,00;109839,00;HYDRO - PARTNER Sp. z o. o. (NIP 6972067331 , Leszno );2025-09-16
2025-10-20;2025/BZP 00484053/01;pomorskie;Miasto Słupsk;Słupsk;Dostawa i montaż systemu monitoringu centralnej stacji uzdatniania wody przy ul. Bohaterów Westerplatte w Słupsku;Dostawy;32323500-8 - Urządzenia do nadzoru wideo;Nie;uniewaznione;;;;;;
2025-11-13;2025/BZP 00529368/01;lubelskie;Gmina Janowiec;Janowiec;Dostawa, montaż i integracja z systemem sterowania SCADA agregatów prądotwórczych stacjonarnych na ujęciach wody w Gminie Janowiec w celu zapewnienia zasilania awaryjnego w ramach POLiOC 2025-2026;Dostawy;31122000-7 - Jednostki prądotwórcze;Nie;umowa;1;253776,99;253776,99;253776,99;Słomka Sp. z o.o. (NIP 8252201630 , Stare Kobiałki );2025-10-01
2025-11-17;2025/BZP 00534732/01;podlaskie;Miasto Suwałki;Suwałki;Dostawa i montaż monitoringu 2 awaryjnych studni głębinowych zlokalizowanych przy ul. Kowalskiego i ul. Witosa.;Dostawy;32323500-8 - Urządzenia do nadzoru wideo;Nie;uniewaznione;2;173184,00;232962,00;;;
2025-11-20;2025/BZP 00543708/01;dolnośląskie;GMINA ZAGRODNO;Zagrodno;Dostawa szaf sterowniczych z podłączeniem na SUW Zagrodno wraz z wpięciem do systemu wizualizacji HYDRO SCADA w ramach zadania: MODERNIZACJA STACJI UZDATNIANIA WODY W ZAGRODNIE;Dostawy;31682210-5 - Aparatura i sprzęt sterujący;Nie;umowa;2;398353,95;479085;398353,95;HYDRO-PARTNER Sp. z o.o. (NIP 6972067331 , Leszno );2025-11-19
2025-11-20;2025/BZP 00546602/01;kujawsko-pomorskie;Przedsiębiorstwo Komunalne w Kruszwicy Sp. z o.o.;Kruszwica;Remont instalacji sterowania i monitoringu SUW Kruszwica, Piecki, Chełmce;Usługi;51900000-1 - Usługi instalowania systemów sterowania i kontroli;Nie;uniewaznione;;;;;;
2025-12-19;2025/BZP 00611968/01;mazowieckie;Wodociągi Miejskie w Radomiu Sp. z o.o.;Radom;Kompleksowa wymiana modułów telemetrycznych dla Wodociągów Miejskich w Radomiu Sp. z o.o.;Dostawy;32441200-8 - Sprzęt telemetryczny i sterujący;Nie;umowa;2;589502,10;596181;589502,10;Złote Runo Sp. z o.o. (NIP 7010220422 , Warszawa );2025-12-16
2025-12-29;2025/BZP 00625001/01;kujawsko-pomorskie;Przedsiębiorstwo Komunalne w Kruszwicy Sp. z o.o.;Kruszwica;Remont instalacji sterowania i monitoringu SUW Kruszwica, Piecki, Chełmce;Usługi;51900000-1 - Usługi instalowania systemów sterowania i kontroli;Nie;umowa;2;269370,00;279210,00;269370,00;SYNCHRONEO Sp. z o.o. (NIP 5542996903 , Niemcz );2025-12-18
2025-12-30;2025/BZP 00627138/01;małopolskie;Gmina Wieprz;Wieprz;„Wprowadzenie systemu zdalnego odczytu wodomierzy w miejscowości: Nidek, Frydrychowice, Gierałtowice, Gierałtowiczki oraz Przybradz”;Usługi;32230000-4 - Radiowa aparatura nadawcza z aparaturą odbiorczą;Tak;uniewaznione;1;1119696;1119696;;;
2026-01-30;2026/BZP 00082466/01;zachodniopomorskie;ZACHODNIOPOMORSKI ZARZĄD DRÓG WOJEWÓDZKICH;Koszalin;Bieżące utrzymanie, konserwacja i monitoring przepompowni wód opadowych zlokalizowanej przy ul. Słowackiego w Dziwnowie na rok 2026 – zam. w trybie art. 305 pkt 1 w zw. z art. 214 ust. 1 pkt 1 lit. a;Usługi;50511000-0 - Usługi w zakresie napraw i konserwacji pomp;Nie;umowa;1;21924,75;;21924,75;Zakład Wodociągów i Kanalizacji Spółka z o.o. (NIP 9860240079 , Dziwnów );2026-01-16
2026-02-02;2026/BZP 00089571/01;małopolskie;Gmina Wieprz;Wieprz;„Wprowadzenie systemu zdalnego odczytu wodomierzy w miejscowości: Nidek, Frydrychowice, Gierałtowice, Gierałtowiczki oraz Przybradz”;Usługi;32230000-4 - Radiowa aparatura nadawcza z aparaturą odbiorczą;Tak;umowa;1;1119987,60;1119987,60;1119987,60;Polska Fabryka Wodomierzy i Ciepłomierzy FILA Sp. z o.o. (NIP 5792294970 , Sztumskie Pole );2026-01-29
2026-02-17;2026/BZP 00115794/01;małopolskie;Gmina Wieprz;Wieprz;„Rozbudowa i modernizacja systemu monitoringu obiektów wodociągowych, dotyczy obiektu Stacji Uzdatniania Wody w Gierałtowicach oraz przepompowni we Frydrychowicach”;Usługi;31682210-5 - Aparatura i sprzęt sterujący;Tak;umowa;3;799500;988305,00;799500;Delta Rafał Stępiński (NIP 649 145 01 57 , Zawiercie );2026-02-09
2026-03-02;2026/BZP 00135088/01;małopolskie;Gmina Pleśna;Pleśna;„Wymiana wodomierzy wody zimnej na wodomierze z nakładką radiową do zdalnego odczytu w Gminie Pleśna, miejscowość Rzuchowa.”;Roboty budowlane;45332200-5 - Roboty instalacyjne hydrauliczne;Tak;umowa;3;31405,59;49975,52;31405,59;Plus Aqua S. C. Zbigniew Kafara, Ireneusz Gil, 31-216 Kraków, ul. Konecznego 6/13 (NIP 9452192385 , 31-216 Kraków, ul. Konecznego 6/13 );2026-03-02
2026-03-09;2026/BZP 00144816/01;mazowieckie;GMINA BROCHÓW;Brochów;System odczytu wodomierzy i monitoringu sieci wodociągowej realizowany w ramach projektu: Zrównoważona gospodarka wodna w Gminie Brochów;Dostawy;38421100-3 - Wodomierze;Tak;umowa;2;373366,50;472722,21;373366,50;WES Sp. z o.o. (NIP 9662135181 , Białystok );2026-03-09
2026-03-31;2026/BZP 00178827/01;świętokrzyskie;Gmina Czarnocin;Czarnocin;Modernizacja sieci wodociągowej na terenie gminy Czarnocin – wymiana wodomierzy oraz monitoring sieci wodociągowej;Dostawy;34971000-4 - Urządzenia bezpośredniego monitorowania;Tak;uniewaznione;;;;;;
2026-04-03;2026/BZP 00184764/01;świętokrzyskie;GMINA WODZISŁAW;Wodzisław;Poprawa gospodarki wodno-ściekowej na terenie Gminy Wodzisław: Zadanie 3: „Wdrożenie systemu monitorowania pracy oczyszczalni ścieków Lubcza i Przyłęczek”;Dostawy;42961200-2 - Przemysłowy system kontroli ruchu lub równorzędny;Tak;umowa;2;407499,00;491852,40;407499,00;SYNCHRONEO Sp. z o.o. (NIP NIP:5542996903 , Niemcz );2026-04-02
2026-04-22;2026/BZP 00210029/01;kujawsko-pomorskie;Gmina Dąbrowa Biskupia;Dąbrowa Biskupia;"„Instalacja monitoringu systemu alarmowego na dwóch stacjach uzdatniania wody i oczyszczalni ścieków.""";Dostawy;32323500-8 - Urządzenia do nadzoru wideo;Nie;umowa;3;257685,00;299894,91;257685,00;X-Comfort Mateusz Dymski (NIP 9671266161 , Bydgoszcz );2025-11-20
2026-04-29;2026/BZP 00220827/01;świętokrzyskie;Gmina Czarnocin;Czarnocin;Modernizacja sieci wodociągowej na terenie gminy Czarnocin – wymiana wodomierzy oraz monitoring sieci wodociągowej;Dostawy;38421100-3 - Wodomierze;Tak;uniewaznione;;;;;;
2026-05-07;2026/BZP 00233433/01;kujawsko-pomorskie;Gmina Złotniki Kujawskie;Złotniki Kujawskie;"Modernizacja sterowania stacji uzdatniania wody w Złotnikach Kujawskich wraz z inteligentnym monitoringiem w ramach projektu pn: ""Inteligentna sieć wodociągowa w Gminie Złotniki Kujawskie”";Roboty budowlane;45311000-0 - Roboty w zakresie okablowania oraz instalacji elektrycznych;Tak;umowa;3;167280,00;232322,40;167280,00;Rosmomis-Wawrzyniak Group Sp. z o.o., Sp.K. (NIP 6211487976 , Zduny );2026-05-07
2026-05-08;2026/BZP 00235983/01;mazowieckie;Gmina Stara Błotnica;Stara Błotnica;Poprawa gospodarki wodno-ściekowej poprzez modernizację stacji uzdatniania wody II etap oraz instalację wodomierzy zdalnego odczytu;Roboty budowlane;45000000-7 - Roboty budowlane;Tak;uniewaznione;2;7398939,07;7398939,07;;;
2026-06-15;2026/BZP 00291115/01;podkarpackie;GMINNY ZAKŁAD GOSPODARKI KOMUNALNEJ;Żyraków;Zakup i dostawa wodomierzy do wody zimnej DN20 oraz modułów radiowych do zdalnego odczytu dla GZGK Żyraków;Dostawy;38421100-3 - Wodomierze;Nie;umowa;1;158842,20;158842,20;158842,20;DIEHL METERING Sp. z o.o. (NIP 548-007-75-24 , Goleszów );2026-05-18
2026-06-16;2026/BZP 00292126/01;mazowieckie;Gmina Stara Błotnica;Stara Błotnica;Poprawa gospodarki wodno- ściekowej poprzez modernizację stacji uzdatniania wody II etap oraz instalację wodomierzy zdalnego odczytu;Roboty budowlane;45000000-7 - Roboty budowlane;Tak;uniewaznione;1;5371426,41;5371426,41;;;
2026-06-16;2026/BZP 00293204/01;mazowieckie;Miasto i Gmina Osieck;Osieck;"""Wymiana wodomierzy i instalacja punktów monitoringu przepływu wody” w ramach realizacji zadania „Modernizacja sieci wodociągowej i SUW na terenie Gminy Osieck”";Usługi;38421100-3 - Wodomierze;Tak;umowa;1;803497,50;803497,50;803497,50;"Metering Anna Moder Sp. z o.o (NIP 8311646702 , Buczek ); Metering Anna Moder Sp. z o.o. (NIP 8311646702 , Buczek )";2026-06-16
2026-08-04;2026/BZP 00375560/01;warmińsko-mazurskie;Przedsiębiorstwo Gospodarki Komunalnej i Mieszkaniowej Sp. z o.o.;Działdowo;ZAPROJEKTOWANIE I WYKONANIE ROBÓT BUDOWLANYCH W RAMACH PROJEKTU PN.: MODERNIZACJA STACJI UZDATNIANIA WODY WRAZ Z WDROŻENIEM SYSTEMU MONITORINGU STRAT WODY WODOCIĄGOWEJ W DZIAŁDOWIE;Roboty budowlane;45300000-0 - Roboty instalacyjne w budynkach;Tak;umowa;6;8415959,91;12888678,00;8415959,91;H2Optim Sp. z o.o. Sp. K. (NIP 9721061775 , Baranowo );2026-07-16
2026-08-05;2026/BZP 00378192/01;mazowieckie;GMINA STARA KORNICA;Stara Kornica;Wymiana wodomierzy i hydrantów oraz modernizacja stacji uzdatniania wody w aglomeracji Stara Kornica - część II dostawa i montaż wodomierzy wraz z systemem zdalnego odczytu;Dostawy;38421100-3 - Wodomierze;Tak;umowa;1;275458,50;275458,50;275458,50;PHU PAGOS Adam Karpiuk (NIP 5371405171 , Dubów );2026-08-04
2026-08-27;2026/BZP 00409514/01;mazowieckie;Gmina Stara Błotnica;Stara Błotnica;Poprawa gospodarki wodno-ściekowej poprzez modernizację stacji uzdatniania wody II etap oraz instalację wodomierzy zdalnego odczytu;Roboty budowlane;45000000-7 - Roboty budowlane;Tak;umowa;2;4670326,41;8330000,00;4670326,41;"P.P.U.""WIMAR"" WALDEMAR MARKOWSKI (NIP 7981318603 , STARY KOBYLNIK 19 )";2026-08-25
2026-08-31;2026/BZP 00415140/01;pomorskie;ZAKŁAD GOSPODARKI KOMUNALNEJ W JEZIERZYCACH SPÓŁKA Z OGRANICZONĄ ODPOWIEDZIALNOŚCIĄ;Jezierzyce;"„Dostawa wraz z wdrożeniem sprzętu w zakresie monitorowania sieci OT w Zakładzie Gospodarki Komunalnej w Jezierzycach Sp. z o.o. w ramach grantu ""Cyberbezpieczne Wodociągi.”";Dostawy;32420000-3 - Urządzenia sieciowe;Tak;uniewaznione;1;;;;;
